# zone,x,y
4,683127.054946,233186.732636
6,681219.417650,231031.660773
7,677552.893126,230897.659168
8,675005.006223,232015.003925
9,677620.699873,233494.192532
10,674428.424135,234984.325679
11,673447.679384,237183.411250
12,680277.632568,233219.340894
22,691300.024145,278869.697299
25,689090.828093,279536.011363
27,691078.164222,282385.342608
29,689959.554778,281990.276314
34,690489.016445,280651.904481
35,690181.173779,274858.040290
36,702610.545263,276085.644968
38,688374.667062,276058.325213
40,693616.667532,277544.389691
41,697056.755980,276618.985438
42,701509.530427,278254.543068
44,699754.922468,276165.891153
114,713561.274589,243950.565424
118,707995.694062,235134.289399
120,712129.150706,238410.709579
132,688011.604244,230504.467765
134,693050.670410,225400.824904
138,694562.152480,228509.557467
140,691041.290366,227697.745477
142,691901.466106,231153.277962
155,695452.829440,235069.241556
158,698045.512888,233647.319787
159,694064.206791,236230.205258
179,711410.620653,249630.502321
301,588166.522078,210576.043561
302,585256.188421,209478.627772
303,593749.440411,213096.521285
304,582991.558628,207203.886936
305,587723.053198,213562.235241
306,590723.295978,213953.728369
307,594499.835462,206239.661045
308,584236.790561,206159.667792
309,587088.655236,205662.026658
310,598322.637456,211998.185086
311,595137.423912,209414.738106
312,590466.087361,208458.952811
321,624600.278092,231647.802742
322,630088.929753,220688.876189
323,622100.748772,232002.088755
324,624118.590026,225733.901521
325,629620.391706,226368.826401
326,632593.021912,221472.040559
327,627382.092123,225823.836517
328,626800.567147,221225.313659
329,626963.920884,229492.183496
330,624870.379991,222046.495407
331,626785.756332,226644.571612
332,628235.953184,223508.316590
333,631652.783993,225210.588755
334,629307.009005,227953.745178
335,623309.234960,217678.607373
336,630620.178009,223448.564536
337,628742.314816,231810.001110
338,628232.233999,220169.379388
339,627646.639372,218074.730398
340,625193.516320,224520.816809
341,624846.123409,233919.521145
342,623324.732658,228330.319908
343,630713.641447,228522.840334
344,624701.607894,219868.597383
345,627751.625458,233983.978266
352,605706.912279,203562.625457
353,599759.209348,203001.713755
354,598262.130709,205265.649751
355,596888.431280,194800.074959
356,604677.216202,197922.186531
357,597755.190595,190481.782898
358,606355.800740,200609.196103
359,609892.413160,201332.420737
360,592773.181287,203518.405845
361,601049.432745,204796.392538
362,602729.820091,203283.667828
363,604331.208636,200535.055692
372,583487.511068,221642.348434
381,599661.418764,223844.606822
382,592356.272387,217227.756355
383,594847.024134,221199.669075
384,591076.266560,216506.919573
385,594329.003674,217042.899662
386,593176.895961,219455.832119
387,594486.006345,225673.580082
388,602121.545581,224438.822400
389,592644.990101,220701.053986
390,593484.306197,223387.872317
391,597936.901399,219972.066256
392,591615.245521,224774.156046
393,597926.559783,222260.320543
394,596716.296421,215018.152938
401,608413.753484,216186.640047
402,615558.180074,219299.768036
403,607095.451678,207322.272882
404,613712.620617,211421.468169
405,612571.795711,216296.490918
406,615551.393682,205266.569267
407,617639.833484,212460.996635
408,615905.135271,221432.168025
409,607950.374082,210087.776571
410,614776.763906,221433.899909
411,608447.715820,212811.500476
412,612625.942870,214657.621182
413,612447.916854,220561.105622
414,609409.178386,206517.123038
415,610634.772167,212861.035537
416,609935.833812,210540.037638
417,613452.032014,218319.253003
418,612763.655816,208015.148704
419,613049.445306,217359.990376
420,609872.600487,214877.263197
421,615607.885741,217152.576347
422,610921.747587,211500.872233
423,613373.058077,221797.034385
424,619227.561165,217018.625759
431,577264.517748,226714.758771
432,570301.332654,223825.638134
433,575172.988908,225025.451177
434,572256.939186,225118.272506
435,559166.476507,221518.566544
436,583280.476181,226555.919323
437,571674.975806,228850.891438
438,581384.454007,222834.361451
439,586713.075170,227539.988304
440,587914.077814,226422.105650
441,559371.431867,217878.554972
442,591829.078234,227422.477815
443,565933.217465,222397.530468
444,580284.669748,226761.796504
445,563107.175535,221363.139743
446,574111.094704,230756.821772
447,589364.937261,226058.184695
448,568337.350810,223367.527036
491,578148.687567,208148.861710
492,573631.409369,209508.294082
493,580273.595548,207764.132192
494,571210.146414,209366.673245
495,570911.062257,206165.777590
496,574288.840006,205287.124004
497,579056.084866,210311.890167
498,577772.997101,204917.697086
499,581555.185934,209080.559803
500,579157.079483,206220.389757
501,572550.887356,208139.434320
502,575725.226837,209117.122307
531,602784.022876,209984.462692
532,600638.215846,211699.516464
533,606922.354202,220662.437338
534,605537.350610,216248.241172
535,601117.128943,209572.464703
536,598621.376442,207669.473667
537,603190.554280,214725.534815
538,606987.761241,215323.804618
539,605232.568246,213877.033646
540,604932.690297,211238.581737
541,602918.576752,212676.154266
542,604562.531671,217686.154956
543,606225.017343,208023.166915
544,603555.828115,206598.972176
545,602844.435498,216707.621872
546,600755.752465,207453.680246
547,606557.376004,210823.100158
548,599148.464585,215516.703776
549,606573.162504,217868.291461
550,601236.600186,213280.167048
551,604644.779003,207916.137339
552,609477.014549,219221.773260
553,602467.057249,208924.044938
554,609067.892926,222433.171033
555,607108.710425,213326.818377
556,610186.149565,223008.757688
557,602178.539946,210975.250247
561,608954.760739,146897.985382
562,623743.712039,163631.434240
563,613622.913109,156338.906386
564,618276.594878,153902.913910
565,620712.780284,146470.923714
566,623089.265106,166595.698384
567,622880.438519,158266.486432
571,627971.692915,173795.471256
572,637151.935411,169972.697137
573,645853.060194,175757.609742
574,650141.941527,175673.514740
575,628649.125874,166966.918536
576,646894.616495,163270.459030
577,634475.359004,166875.590414
578,637893.697389,166868.149983
579,634482.033172,178305.477817
580,648982.360156,179719.332646
581,632616.822954,170753.028601
582,642253.869786,172240.387164
584,634897.733958,155686.823500
585,626101.500259,165691.818358
586,639308.898218,165978.130171
587,633310.075979,169230.519461
588,637216.306318,175032.464306
589,639636.548802,178521.031099
590,634536.582773,173134.354193
591,629778.934496,163832.564512
592,647128.111562,180174.339660
593,630795.839001,171633.600684
594,632708.118869,166147.755610
601,616279.517576,186867.174929
602,616677.910831,198276.975941
603,614320.900943,197428.207923
604,615331.832261,185067.567476
605,620013.414005,193149.105960
606,613572.091577,184871.224578
607,614779.592476,190268.618693
608,614768.723524,194949.423083
609,612670.352383,189691.647859
610,613148.267530,186233.505233
611,610785.583908,184620.664563
612,612918.246836,192843.439627
613,618322.349747,200502.723597
614,618932.328503,188619.441174
615,616129.895184,193407.272482
616,609317.742429,191671.301263
617,615850.914200,191131.531418
618,610615.581720,189020.761971
619,614407.633225,187958.081164
620,618240.116153,196393.526893
621,610874.655869,187426.055530
622,612055.054309,185126.053286
623,608095.487012,194293.484144
624,613256.268688,195271.911476
625,611322.462702,191264.175354
626,614363.452181,201084.704993
627,610062.366904,197356.108102
628,617445.535083,193866.428403
629,617672.025505,191191.436642
630,606277.714111,196188.846145
631,610533.903383,194653.449465
661,573566.321043,194118.078173
662,583713.739520,199130.122787
663,591992.457289,200480.671938
664,585198.905367,204067.911124
665,582875.785179,201597.536363
666,583030.676986,195586.945361
667,585050.057432,195465.923724
668,587308.165063,199513.238465
669,576142.056180,195600.243146
670,589291.773240,195119.230907
671,584766.808467,202353.654137
681,597390.802650,237737.438434
682,588401.863812,231163.700430
683,590110.189922,234448.618892
684,580827.318920,235463.069766
687,602580.587281,237794.738112
690,593986.134451,232095.365472
691,601011.870715,237157.814365
692,597648.230586,234954.164727
694,599196.393279,236969.757154
696,585045.900990,232225.894224
697,586958.570852,231915.765106
699,581900.707935,236559.014386
700,594178.109668,236280.209061
701,590950.459716,236360.233328
702,586042.709881,233232.626748
703,583664.296524,230661.424460
704,595661.541943,239212.559370
706,580024.888257,233513.895565
707,583609.024258,233616.728147
708,608474.447538,242211.572694
709,606221.148879,239151.803977
710,583271.617456,235772.184068
711,590078.836859,231179.590481
712,586467.718480,235980.546547
713,580695.781446,230075.173284
715,580900.520054,237703.150208
721,575672.685568,218846.670270
722,578526.770337,219611.531635
723,574402.741706,213865.368129
724,573036.256234,219194.626849
725,575454.601139,216057.702828
731,588348.978767,218475.651814
732,585160.974449,216894.665510
733,587814.186595,219699.743828
734,585407.443223,212899.378032
735,583402.106496,213286.648199
736,580938.535389,211328.895053
737,584972.992145,214512.107764
738,587131.294680,216356.137152
739,584302.535900,218248.725969
740,577345.236138,215737.152978
741,585960.931245,215157.537094
742,582784.180699,214825.701950
743,584995.589725,219276.930783
744,589720.649146,221214.598819
745,586362.983243,218134.998380
746,591152.002982,222376.889057
747,591527.310188,220157.506920
748,590792.212867,219217.344763
749,589690.532744,217963.061102
750,583412.630623,216391.716923
751,581707.193916,212711.262674
752,581595.413146,219067.014395
753,578881.389278,216977.573315
754,583679.262710,211261.533436
755,589209.395164,216649.107018
761,603800.524893,168971.816361
762,607031.166141,159894.041980
763,607720.436037,167714.773379
764,610138.426211,172331.124675
765,608533.619178,172846.741307
766,599470.282548,167184.629843
767,612754.285347,171281.632030
768,617753.552699,170616.967095
769,615535.712188,167825.722990
781,671654.889094,173760.675847
782,662765.872324,160906.829016
783,660346.035620,177559.978610
784,661097.040679,169251.845101
785,653191.347810,174385.365581
786,655939.051240,171698.390406
791,593773.799892,161484.239638
792,601369.554419,141522.686197
793,599050.702141,150220.441111
794,595490.542949,155335.368822
841,585696.272027,137037.357888
842,592310.651240,138528.588253
843,588465.164484,147802.660251
851,591171.320360,188615.563776
852,592800.442861,176346.296479
853,597504.202116,177154.364316
854,593797.364291,185344.920325
861,605190.543516,193512.217797
862,606252.593427,190623.559890
863,604933.722762,182323.206284
864,601779.821583,193640.580148
865,605883.409566,188077.560153
866,607889.623012,188373.801970
867,607424.951373,180475.498707
868,609705.239496,185377.412255
869,604413.237119,187604.382932
870,602507.212319,195668.056134
871,609298.014103,183137.856270
872,608156.245273,185108.204095
873,605113.479931,185916.536438
874,605681.240831,183943.399353
875,606998.270303,186311.316043
876,605468.835872,184987.759627
877,601765.783908,189612.087654
878,608116.678599,183507.018104
879,602356.289961,184129.327603
880,599485.886654,184914.809884
881,603816.828639,186303.603599
882,601407.549002,180246.574299
883,607676.003823,182138.924668
884,604097.208921,189748.562182
885,610510.308056,182539.508559
886,604132.745863,178685.036009
887,601464.973787,191761.749291
901,628254.078390,190539.712075
902,628239.922188,200606.948966
903,623541.825402,201147.858633
904,624219.409291,187978.748460
905,621607.306973,203261.707697
906,633947.959759,184540.670664
907,622865.488216,196086.439065
908,634463.981499,201409.563177
909,630340.849390,195340.861042
921,611248.563422,174917.410744
922,604344.004943,175216.557373
923,619198.883391,185411.278906
924,628491.916260,181916.627448
925,616482.206563,183100.331759
926,606504.726453,179344.194761
927,618616.930622,177899.824908
928,612591.758057,182456.262271
929,616785.636772,176909.000490
930,609789.660711,174598.898708
931,618682.132220,180612.617182
932,626255.019561,180466.407280
933,607624.429476,178535.530954
934,618267.031984,175867.221338
935,623145.198573,183362.759457
936,606447.421393,173840.289597
937,616971.827274,179881.782707
938,623629.683908,176055.901335
939,614820.912459,181160.767365
940,620931.526643,179437.925609
941,610206.563665,177777.594944
943,608302.680038,176479.180817
944,610383.653270,180430.574179
945,620050.421855,183154.070890
946,622779.218370,185482.135583
947,613489.617857,173178.075172
951,622454.162105,213101.463527
952,625846.945613,214456.220548
953,631825.935303,213502.248463
954,630947.991807,217496.108307
955,619726.331097,205975.737251
956,619177.852153,209699.272113
957,628584.203954,209047.234034
958,626063.664539,206544.552895
959,625158.592337,217077.573933
960,629071.737644,213729.912789
971,613025.948813,233608.463670
972,620214.834219,230552.982541
973,620789.736314,224851.322036
974,620175.747417,223911.236624
975,612997.570545,235524.624687
976,621348.876249,229744.346107
977,619564.886848,229228.192827
978,619808.016962,222790.904870
979,620850.415030,227115.497403
980,617264.714727,228082.653928
981,620064.315904,235066.528683
982,618593.320680,226151.864497
983,618086.542162,233707.085990
984,618960.539229,224805.917912
985,622223.013498,221700.184646
986,618537.018121,228448.410388
987,614830.810649,235664.262545
988,618538.170700,221271.782884
989,622128.061432,224677.993220
990,619434.428000,231726.143268
991,618544.043656,230712.451995
992,616019.196078,231152.392040
993,616694.793465,229666.638949
994,619170.183995,227593.484907
995,616127.015837,232773.278376
996,616640.485874,236269.973909
1001,646549.228207,206942.615936
1002,650918.390525,203004.301935
1003,638210.535220,195806.529027
1004,643588.788904,188778.651199
1005,648545.868250,200122.867521
1006,635831.753782,189478.288826
1007,642239.234758,206061.365990
1008,643608.702214,199712.389008
1009,650846.486595,209765.614072
1021,660740.659451,234374.814234
1022,661611.883812,232497.133022
1023,668150.251664,222117.299846
1024,664359.741600,215410.021054
1025,660270.541204,230805.662081
1026,666278.818504,219750.080759
1027,663407.095455,229102.944591
1028,663707.003941,232595.214258
1029,660057.483985,227653.385376
1030,662038.089927,230550.277984
1031,664700.780622,223894.427198
1032,666533.928196,226126.592144
1033,670548.616217,220173.051991
1034,665691.088459,229394.661823
1035,659691.069398,232627.810614
1036,665046.636063,232466.226415
1037,662556.536984,220398.295402
1038,661062.783440,227756.427739
1039,662137.772978,224287.499659
1040,662614.262082,217410.604161
1041,662951.375413,235511.959016
1042,664800.228025,230560.880651
1051,670621.612426,213899.294982
1052,669027.692719,217153.916255
1053,670911.802633,216332.400149
1054,667811.726384,214527.639928
1055,673217.478562,219837.757104
1056,676096.535446,211981.063169
1057,673639.791476,220651.830533
1058,666303.535707,207293.539117
1059,662357.663238,208070.953229
1060,661752.467946,212499.646987
1062,657110.008066,210474.484895
1063,670934.222582,211575.662335
1064,676136.214289,218770.463531
1065,672094.691664,218248.051243
1066,656718.893987,205262.600501
1067,672963.903346,216002.977125
1068,680052.747411,207862.390245
1069,676312.869702,210049.116214
1081,657402.274354,228231.958712
1082,649741.483918,229388.098568
1083,649605.232469,218343.435586
1084,655561.653740,223475.564132
1085,651362.420362,228096.769025
1086,646752.384386,220459.794517
1087,656039.058613,227826.401068
1088,660162.444992,222128.853501
1089,647913.328281,227339.965315
1090,649260.787913,233788.007123
1091,647304.990091,225036.339781
1092,658494.594234,225251.739572
1093,658018.107494,217217.439455
1094,652872.819787,219888.550559
1095,650325.508402,222834.168389
1096,654990.881147,233030.134655
1097,653725.995309,230983.336666
1098,652954.175264,214288.265835
1099,652690.412623,225792.553369
1100,651532.005611,230943.894249
1101,658584.407995,231954.672282
1102,657687.371277,221223.389321
1103,650456.429068,225404.201132
1104,648627.430257,232035.048518
1105,647401.867321,230149.499364
1106,645781.677710,231506.612863
1107,646955.231332,211536.667259
1121,642207.869479,221973.643812
1122,633776.459878,226621.389123
1123,639442.395819,227907.623080
1124,645459.648791,228042.393721
1125,642156.199768,229593.608836
1126,637916.719159,225597.897100
1127,642787.818020,226052.263022
1128,643968.531932,222133.502611
1129,635468.139815,222434.571002
1130,640056.180469,220980.700477
1131,634977.269988,225091.512778
1132,639251.725289,212425.524760
1133,645707.963950,223762.505477
1134,638804.939052,231410.958002
1135,635646.921685,211264.949211
1136,644955.480812,213100.951937
1137,641037.343350,226863.314114
1138,639097.477587,223277.557129
1139,633813.722324,230509.579275
1140,641824.663518,233032.446637
1141,637382.174146,228968.746378
1142,633461.850773,229203.839801
1143,641585.929413,224282.457757
1144,644392.535219,229593.926227
1145,634474.539202,217536.859326
1146,644540.752573,226059.209925
1147,640894.375165,235341.354738
1148,641552.906555,216712.062690
1149,641590.926103,219223.270612
1150,636993.968528,220638.790450
1201,691634.314721,193724.466472
1202,691357.086497,163944.888988
1203,684316.379128,186939.545694
1204,686378.204713,198152.935117
1205,698513.467237,195386.928664
1206,688588.126960,185231.264033
1207,691988.681485,196635.492641
1208,681133.856967,168626.670758
1209,690571.863760,177609.044239
1210,686040.915541,162322.254008
1211,682758.064961,193369.503851
1212,679063.529455,159300.960179
1213,694009.872567,189428.250676
1214,687447.346463,192642.549893
1215,686308.143311,201391.178417
1216,700274.798006,181476.304604
1217,693037.422466,198916.739602
1218,707096.165339,192872.662555
1219,703321.714920,190576.286207
1220,683692.023597,175404.458070
1301,701734.564932,219354.771129
1311,682811.772694,206634.670037
1321,698001.618258,225670.672579
1322,700959.043450,228076.467269
1323,695744.509268,227100.902016
1331,676441.606403,214958.224829
1341,705342.946105,225374.566456
1342,708698.318156,224907.505526
1343,712287.015156,214895.160829
1344,707552.574990,227893.210144
1345,716363.465279,224471.629991
1346,713344.908495,223732.775141
1347,713744.881839,228743.193324
1348,710070.638766,220492.357691
1349,709966.689076,228073.685429
1361,696909.122252,212646.156753
1362,682931.031146,212010.670577
1363,698974.699396,205871.546765
1364,688201.718662,206526.097881
1365,686801.329805,208823.691677
1366,692026.205380,202979.555649
1367,706545.149553,201994.695085
1368,702123.050901,209667.365882
1369,695253.877678,199872.541363
1370,694447.696194,217147.974014
1371,690617.466458,215010.997862
1372,693956.246263,208786.509629
1373,688962.369434,211850.570337
1374,686782.610915,213563.205650
1375,705844.219554,211729.783376
1401,660313.246946,200170.940637
1402,675964.375891,185878.063616
1403,651893.588026,187413.406476
1404,665812.750839,187996.251121
1405,655642.867118,181996.235667
1406,661618.360831,187309.336010
1407,656217.930705,194409.279755
1501,678275.102901,199522.788125
1502,674687.585752,202005.158320
1503,670560.107760,196664.083158
1504,682642.887119,199954.296101
1505,674034.232065,204901.917480
1506,667318.777839,199559.784806
1507,663425.609205,204180.944246
1508,673641.485953,199487.907730
1509,670382.946261,201276.189585
1510,669836.333516,204001.693383
1511,672886.746322,190623.239282
1601,722884.915433,198895.506399
1602,719008.852870,223067.256130
1603,717547.080480,200606.500880
1604,722712.256757,200507.474049
1605,730864.475637,196429.167122
1606,731626.703867,206719.123401
1607,726138.939363,211721.414221
1608,728029.623216,217718.586127
1609,717101.442565,208921.605230
1610,724358.360113,202249.750535
1611,722587.689437,202281.737753
1612,721557.613926,204297.404159
1613,717453.540904,191412.019855
1614,718892.987218,204000.077217
1615,733846.940827,203741.276860
1616,724827.765634,208475.121789
1617,725532.310616,217341.484901
1618,732141.086175,217418.330692
1619,719044.070627,215772.880870
1620,721768.745549,213777.700361
1621,722082.460097,205310.658362
1622,720227.432737,220756.813735
1623,719829.552712,219012.084039
1624,730244.500118,215563.092459
1625,721642.684391,212193.021510
1626,720471.508712,199153.300379
1627,725265.378314,203835.173425
1628,723008.573919,208175.891425
1629,728214.677270,208207.376754
1701,683232.850192,227748.991786
1702,676399.531447,228299.782696
1703,674342.743635,227164.879080
1704,688289.418188,224978.759662
1705,686686.549967,228239.947080
1706,691662.360340,220902.694013
1707,676034.113451,221548.400444
1708,679451.454045,228042.812566
1709,686436.061742,219454.856073
1710,683029.714900,218072.608334
1711,682255.489067,222683.228972
2001,555480.824652,183062.083330
2002,557135.332335,190505.037780
2003,553254.059080,185223.819254
2004,558334.334744,187168.818623
2005,552058.238849,185913.488331
2007,555243.261651,179353.163477
2008,553566.624401,186716.990124
2009,553869.197736,177655.671213
2010,550348.492425,184564.881320
2011,558423.916325,184560.644381
2012,564238.798754,196095.333014
2013,567779.554115,190252.224202
2014,565780.770481,189625.885401
2015,555630.911845,188865.057491
2016,559929.576631,182977.300306
2017,553372.298231,187192.931529
2018,558608.470586,191585.102658
2020,556352.547880,186259.437094
2022,561762.677698,194349.302875
2023,554454.092808,184558.985901
2024,568740.436284,186991.223008
2025,555115.776464,186818.020287
2026,564626.647188,182430.071410
2027,557804.486630,181715.573066
2029,565730.972923,184578.564466
2031,557933.995673,189394.503124
2032,556289.665285,185234.225139
2033,559236.952475,188427.254673
2034,552099.446895,182950.880092
2035,553780.916055,181679.477113
2036,562961.437696,195323.008487
2037,554514.169556,176258.114738
2038,551382.466838,175767.881929
2039,559758.788246,189688.642989
2040,566854.572631,187857.698330
2041,565200.074076,193547.629646
2042,553931.141951,185008.490151
2043,556945.070234,187736.895128
2044,555424.938370,177525.145123
2045,563007.014700,192758.864258
2046,556766.912683,183947.286778
2047,556277.863733,176798.077824
2049,548832.941425,176154.911533
2061,551441.506956,159364.889911
2062,562729.148362,171676.583836
2063,557774.751094,170604.991929
2064,555413.145873,165032.764019
2066,553948.783648,159795.504453
2067,566044.617530,169469.796786
2068,561764.435298,178118.268932
2069,558364.003296,166281.220608
2070,565400.337670,175213.872661
2071,559498.288284,163477.994933
2072,551618.826762,162872.363239
2074,554694.216009,166090.306103
2075,563761.538283,168435.204690
2077,553029.506519,159753.378927
2079,564547.815342,169043.400301
2081,561535.674541,163970.346457
2082,558656.525253,164773.813863
2083,561780.891615,174092.348898
2085,561123.875245,165299.535495
2086,564631.610232,171815.586118
2087,560868.273411,169877.658063
2088,562567.564699,180446.539737
2089,552100.979568,165755.016054
2091,555777.943227,162673.441243
2092,562944.499290,170427.228114
2093,566046.145927,173795.944424
2094,556799.617982,165045.441334
2095,552763.641488,161297.839662
2096,560192.547919,172235.523454
2097,553382.064430,162951.214183
2099,557067.744101,167866.222287
2100,559852.480132,165112.495938
2101,564033.605148,179711.467405
2102,553842.344636,164855.110002
2103,555002.322050,163763.116559
2105,559753.256694,167774.281813
2107,566532.708005,171676.116798
2108,562161.787459,168122.373962
2109,563885.171405,176748.693118
2110,567882.995659,171096.909879
2111,563452.475254,174480.261764
2112,553566.325166,166770.935400
2113,561245.816102,166720.096898
2121,568537.055036,150586.347283
2122,572547.874962,170731.715114
2123,575117.227590,163087.503583
2124,575531.287438,161054.245150
2125,569375.318845,162673.735490
2126,581878.578856,168302.375171
2127,582063.203865,161199.376953
2128,576193.209813,163015.966465
2129,575589.812648,167219.093726
2130,577227.659382,163513.442526
2131,572333.462095,166132.014449
2132,571490.850989,156754.346486
2133,576366.823418,156988.931297
2134,574741.097828,153033.616155
2135,570347.183761,158179.643747
2136,571828.040512,169767.427697
2137,576697.042637,168646.813757
2138,586788.637974,161642.031298
2139,572138.518616,150225.516539
2140,569412.570869,167337.774522
2141,566167.207619,165848.308798
2142,566989.353336,146758.354551
2143,573099.961934,163709.013450
2144,568669.999047,153167.422558
2145,570281.047390,160107.844962
2146,572602.098969,171975.535353
2147,575145.014958,172545.695720
2148,569666.078283,165747.935231
2149,578748.592616,171305.854719
2150,564603.615458,166922.956769
2151,562910.263346,166267.459534
2152,563582.638461,164035.338307
2153,569777.824016,168978.552566
2154,570531.636844,161030.511979
2155,565353.498634,162713.839316
2156,575341.554010,164428.461370
2158,570787.207739,154844.201738
2159,575607.221904,165855.822822
2160,566754.901606,161995.045797
2161,572460.873374,167896.001098
2171,575748.985377,177856.878657
2172,572321.659921,185073.105209
2173,568570.723557,176600.388175
2174,571546.770156,182007.332029
2175,573779.874496,186462.894651
2176,582141.770591,175498.607756
2177,566221.142936,176986.994502
2179,572389.737496,183925.809274
2180,575395.243908,187837.702112
2181,569908.200228,181801.411066
2182,577062.480229,187244.497773
2183,573864.284791,183500.651512
2184,573602.589859,176847.757119
2185,565664.289781,180176.341789
2186,569252.567290,178080.137667
2188,572488.940188,178323.691702
2189,577856.456871,178477.358347
2190,578896.086046,176135.377968
2191,568327.854974,174868.079207
2192,571535.738401,175232.438300
2194,578992.984623,177405.926844
2196,578708.184302,183703.180640
2197,576102.949232,184665.141243
2198,577848.706102,185874.598512
2200,571561.140312,187129.846328
2202,566608.344781,178889.961995
2203,575076.762327,186868.475081
2204,568141.014764,180391.671375
2206,577900.062937,180574.310564
2208,573445.634966,181472.255631
2210,580282.139105,174500.255370
2211,571451.935395,179711.480505
2213,569304.199911,183529.963516
2214,581281.870537,175061.095084
2215,569436.584474,180180.652452
2216,580302.537532,181142.343073
2217,570132.206358,185167.447599
2219,574736.278873,180097.695332
2220,580309.007954,177761.594672
2221,567616.680379,181718.769970
2222,574099.732759,174749.405575
2223,569337.875949,173654.166175
2225,577416.279676,176797.920980
2226,577465.560693,174817.669935
2227,568874.585310,171876.772464
2228,576066.647036,182622.555637
2229,567631.596627,173498.500810
2230,579897.021655,179005.140925
2231,570743.055172,172625.026214
2232,580751.809459,174661.257617
2241,581927.077765,200405.867477
2243,578209.670911,189884.452514
2244,580212.441303,199351.541945
2247,578090.594760,191378.668279
2250,574574.460804,194947.243889
2251,575010.846318,193423.329926
2253,576585.678737,191155.816291
2254,576024.850025,190088.448812
2257,577083.804696,194139.684079
2258,582471.342400,205233.102045
2259,577761.527798,200883.881791
2260,581724.994037,199156.233875
2261,573580.892038,195957.415840
2262,579783.107990,193239.566053
2263,577222.636439,192668.920663
2264,579399.784425,194874.794949
2265,581747.234439,203375.979214
2266,581999.794087,193564.935988
2269,580852.619865,195892.816741
2270,579710.321498,197521.979885
2271,574730.194915,196966.617470
2272,573029.401168,189735.444335
2274,576919.301084,199096.366843
2275,577493.167735,198372.573501
2276,580039.584899,201617.252225
2277,578185.770422,195930.750885
2278,581722.370479,197674.527501
2279,572660.961792,192421.208783
2280,575097.808562,202088.442677
2281,572118.073449,200993.738700
2282,583785.795558,197879.516619
2283,575053.138857,191749.268382
2291,586643.038415,182389.531475
2292,587604.401266,178474.464077
2293,581116.666320,188206.579142
2294,583612.109551,178223.447856
2295,584539.169220,192562.801995
2296,589606.583506,187245.427267
2298,587094.468373,176210.652688
2299,590582.423662,170654.531061
2300,585095.247842,173341.238862
2301,585278.683233,179148.133939
2302,588083.475518,185283.765528
2303,583336.532292,176354.451807
2304,583638.135419,181761.854749
2305,585330.195041,188617.066533
2306,583393.374666,185038.401105
2307,581772.876537,179634.079492
2308,591443.168669,190932.562840
2309,588331.626110,191774.752315
2310,588928.120426,178394.746674
2321,555395.410416,151355.471628
2322,556306.071054,159766.158190
2323,554693.639532,153237.995210
2324,557793.786161,162766.042847
2325,562269.859866,152788.411825
2326,560189.832558,161884.511299
2327,558074.059672,159928.959763
2328,553033.813532,152881.530831
2329,560576.358625,160553.774887
2330,555059.698016,160164.289236
2331,556496.144529,161313.252569
2332,560286.175647,159675.325858
2333,557350.141202,154124.579581
2335,557332.116012,158260.746474
2336,562978.521279,157734.953288
2401,627043.808789,241736.276595
2402,628950.049436,239367.841682
2403,623809.770253,236206.525210
2404,627398.399839,238545.568476
2405,625686.380515,237583.211282
2406,624291.828522,240195.081567
2407,621486.024480,237489.174259
2408,627211.504288,235533.472462
2421,611655.246488,240148.259867
2422,619787.951174,240429.745479
2423,602145.058859,234563.750336
2424,609885.909409,238069.784512
2425,623651.244518,242509.698707
2426,616394.588595,240394.638338
2427,614247.555917,239341.215227
2428,618003.963032,244294.433545
2429,606199.538494,236130.903812
2441,601941.731122,219171.196364
2442,604672.381150,219750.777174
2443,599700.787618,217056.110339
2444,601159.185538,221880.588751
2445,598520.293745,217862.102881
2446,604309.844725,221434.200819
2447,602116.163357,215014.098006
2449,599683.993364,220635.608121
2450,601601.423074,220900.133045
2452,605638.752803,222291.708457
2453,605700.427190,221263.585725
2454,604775.477579,226716.076060
2455,604887.030390,223541.126596
2456,600285.281079,218909.003099
2457,600891.243941,215500.292834
2458,602790.572749,220238.268212
2459,603827.078794,225740.441942
2460,601758.572855,218043.858470
2461,596402.941242,217531.165695
2462,603273.562710,221942.076663
2463,603201.811229,218662.874670
2471,605378.455435,260100.447865
2472,617695.395460,255250.075486
2473,613995.138533,258440.168598
2474,616615.898154,258648.178283
2475,615156.162371,255983.797875
2476,605249.905436,257934.111971
2477,602445.641466,257233.147537
2478,618851.157822,257835.680678
2479,600580.459297,259311.982899
2480,615592.689149,252765.540994
2481,606586.101457,259642.789502
2491,631521.599324,246777.626673
2492,639872.015708,254528.084778
2493,637460.483700,248750.360865
2494,642411.774492,249296.577326
2495,641186.081719,247105.789297
2496,641058.345765,251301.114942
2497,638934.312753,246052.684464
2498,638811.082651,251323.789263
2499,640077.062569,249484.957218
2500,634056.102678,246641.460298
2501,636714.615720,246670.137418
2502,634071.875996,249418.397344
2511,616915.218612,224964.040659
2513,608279.035462,226015.571274
2514,616921.556670,226926.060593
2516,613792.033446,229685.175217
2517,611460.260829,226775.049270
2518,615701.218295,226350.145148
2519,610110.690311,224407.191806
2520,613136.428938,224148.996930
2521,615103.052305,223026.622373
2522,614892.776364,223941.816797
2523,614172.420620,225504.336887
2524,614939.084967,225844.790868
2525,611851.591023,224888.798701
2526,606762.965878,224715.811975
2527,611220.540725,229460.643725
2528,611026.349516,223421.053081
2529,613134.755064,225322.209168
2530,612354.088005,223221.727872
2531,618789.246798,223159.447336
2532,614034.270503,227700.807101
2534,609464.249123,228319.943429
2541,608063.025983,234479.756719
2542,604325.996061,228839.378826
2543,598505.653841,228623.056783
2544,608604.336412,230453.442492
2545,612388.121195,231489.647257
2546,596133.450664,227364.866186
2547,610269.366057,234682.371546
2548,611361.398426,232686.957032
2549,611632.155328,233983.247328
2550,605821.350041,230084.454384
2551,602220.165408,230829.311938
2552,609870.386519,232910.626980
2553,604131.301163,232134.907909
2554,609954.553085,231229.243908
2555,607177.450624,232189.058929
2556,600741.505577,229591.331265
2571,631433.721172,239262.108990
2572,640564.107877,244402.651736
2573,638357.840204,243893.194689
2574,644248.797174,247849.319914
2575,629817.414930,236727.141341
2576,642195.594941,244775.147532
2578,629993.770471,240288.476895
2579,629163.109503,243905.899302
2580,631672.956050,241224.205106
2581,634877.492216,243881.988928
2582,631482.322072,243608.552243
2583,643116.547852,247081.658996
2584,636913.496394,243690.588885
2585,639960.453749,242144.299910
2586,632720.861662,243561.423943
2601,606925.967282,228603.909558
2611,602041.393930,248245.894978
2612,611594.011203,245057.254110
2613,608944.999509,250636.496567
2614,608007.647535,248773.664008
2615,608028.530654,246785.975186
2616,610675.224628,249597.745982
2617,605186.542575,247656.963069
2618,611466.345482,252676.109089
2619,598429.568119,252863.215619
2620,611348.129169,247620.033007
2621,613418.881984,249692.249519
2622,612451.771915,248585.295912
2702,617575.958122,268877.648802
2703,615990.430234,269881.976877
2761,611062.209536,258140.779275
2762,607443.290914,266040.665142
2763,614294.133997,260540.317488
2764,606195.377386,261886.937580
2765,609729.946677,265109.156405
2766,614384.261605,267000.152311
2767,610385.604293,263485.850923
2768,608087.545422,258194.374443
2769,613464.556759,263105.084132
2770,615849.107070,263810.233079
2771,608446.879045,262908.309436
2772,610680.126678,256282.574557
2773,611498.393263,260750.900289
2774,605080.361752,264939.020022
2775,609077.230960,260756.017497
2781,606392.635620,255774.555574
2782,608312.389953,252687.242593
2783,599863.050824,255724.638718
2784,604083.916979,254520.290683
2785,612891.583651,255621.157346
2786,611165.770157,254252.529665
2787,603888.829864,251036.316582
2788,598877.390083,249952.410658
2789,609226.618326,255397.484198
2790,593813.959874,253001.290573
2791,601986.299023,253565.215238
2792,605497.792870,249683.523240
2793,606731.450252,253907.806786
2821,624731.064992,262138.620410
2822,620980.017216,264632.494632
2823,622504.613706,255044.624995
2824,619471.063437,261168.437995
2825,622101.467634,262285.598361
2826,622570.846190,263672.572812
2827,625978.322062,260223.717607
2828,624647.908292,257806.951672
2829,621634.931200,259445.074721
2830,619420.070256,255088.238773
2831,619138.512899,263113.782163
2832,624858.309669,255538.705451
2833,620887.134064,256838.370981
2834,619922.808602,253168.915885
2841,637959.071962,255920.344707
2842,629837.938545,257460.710387
2843,630795.715841,251321.358266
2844,632199.217257,261632.076317
2845,630304.655629,254984.503487
2846,631662.064452,256319.556662
2847,632581.857504,251465.047365
2848,634108.225127,260024.761246
2849,626099.635021,257172.812463
2850,629715.674468,251271.295760
2851,634580.351178,252864.946169
2852,631491.349122,249282.316717
2853,630662.892083,263581.481013
2854,627118.063034,260140.567793
2855,637619.599248,253389.676676
2856,633152.161915,258122.625116
2857,630937.125283,259390.220712
2858,636119.007400,257839.697972
2859,631545.490671,253008.181578
2860,633331.031196,253555.340230
2861,627822.912347,257999.250417
2862,634021.688354,255055.757718
2863,628379.992490,253595.542145
2864,629428.117599,255880.521581
2865,635552.690880,254816.289115
2866,629274.902926,260662.870781
2867,630227.761604,253321.392125
2868,635751.648029,251364.759391
2869,627147.759986,254983.290046
2881,621114.959255,251592.952973
2882,625938.995252,249552.283318
2883,615966.328181,249493.480519
2884,628025.582628,250997.225679
2885,628591.245662,247719.302297
2886,625378.388146,252841.177392
2887,623788.781573,252927.431233
2888,625107.507201,245282.524256
2889,617303.076524,247715.731030
2890,621244.145303,248659.544606
2891,623348.490261,251165.970702
2892,623640.942318,249207.264376
2893,618982.726842,249459.750744
2894,620849.448264,250162.831076
2895,622719.182734,247351.606159
2901,679582.422473,285715.976729
2902,684012.554421,281764.242456
2903,683163.834217,284228.900855
2904,680592.720064,281818.814712
2905,679512.811029,279123.507706
2911,691287.232163,293709.204856
2912,695896.247149,290730.212539
2913,692990.868740,291664.533856
2914,690409.218312,289868.756654
2915,695940.736354,285167.903347
2916,692816.777909,292959.970745
2917,692358.047580,290189.652561
2918,691488.634718,292041.309466
2919,691474.612257,288243.727557
2920,695070.485434,288829.576318
2931,686416.376644,294284.575124
2932,685431.048331,284373.353485
2934,685460.699689,288076.562182
2936,687052.975567,290908.376471
2937,687165.081111,281600.049132
2939,690229.500775,285699.551775
2951,682883.583730,291099.929297
2952,679185.842109,289212.185867
2953,681529.051520,286263.538320
2961,700996.648905,285893.797129
2962,705289.116453,282899.040612
2963,703281.278173,284707.271846
2964,706591.957523,280511.490435
2971,675403.379117,283798.687990
2972,677650.021180,285318.232080
2973,674173.651691,280372.189516
2974,677573.897887,279886.121180
3001,738591.382681,249625.979578
3002,742064.132201,242650.744202
3003,735561.543246,242645.521749
3004,735698.624789,246100.012794
3005,743702.145514,249051.301716
3006,738302.143739,240026.159025
3007,739449.537505,246776.968058
3021,750113.489141,249669.712500
3022,753510.961237,248482.154390
3023,751307.903809,253277.883555
3024,747209.011755,251026.233608
3025,753869.011984,251975.495471
3031,755727.053633,256403.927885
3032,758004.375276,256605.185751
3033,760016.988879,258891.993463
3034,754134.606556,255014.301438
3035,760381.952569,253671.448360
3036,755874.961328,253567.314001
3037,762809.332306,256982.386662
3038,760023.139738,257596.794499
3101,749183.453773,244742.786037
3102,744381.176880,242676.274097
3103,752543.156959,241142.236315
3104,746885.231090,247589.063133
3105,747851.021732,238486.165180
3111,759878.747346,253947.525753
3201,743340.187104,262145.820707
3202,741429.472958,264586.793003
3204,746321.709490,259129.536781
3211,748067.253492,261177.389807
3212,754124.442659,257114.881096
3213,752960.776867,260073.919701
3214,749831.055441,259319.769368
3215,754992.762855,260345.818755
3216,755728.533650,259359.880165
3217,750436.623188,262307.830135
3218,751882.262492,261071.338852
3219,752030.728782,257846.608882
3231,765842.167369,255154.530484
3232,763740.833801,252270.565072
3233,764008.897283,254918.801817
3234,766733.296411,250475.245524
3235,761675.289346,259903.708704
3236,764936.917933,258130.987779
3237,759646.364464,260787.174209
3238,766079.567621,252768.634152
3251,758408.823329,246645.387283
3252,757279.323985,246187.249428
3253,761610.341355,250598.346736
3254,760584.874431,244845.761650
3255,762389.956523,251416.812737
3256,758447.864844,240346.964858
3271,753532.756490,225426.879454
3272,750854.751862,230872.802515
3273,748272.202827,225996.926136
3274,754295.236545,234557.544406
3275,753230.625031,221827.248344
3276,753096.015073,217734.609027
3291,754742.442031,207089.825045
3292,741172.489270,213751.988358
3293,744401.355783,207268.307016
3294,749869.913599,199870.619911
3295,735334.220805,216350.808033
3296,752715.259629,213573.462149
3297,751056.401624,208427.119330
3298,743484.837199,221167.027760
3311,730993.752667,224690.651716
3312,717991.790870,227996.253169
3313,721998.265658,230038.326874
3314,724167.976790,231826.418954
3315,723422.852546,225918.975553
3316,725495.957115,222619.842915
3331,719243.626378,234541.212856
3332,712077.463978,233744.066936
3333,715924.320145,238271.024586
3334,721487.260565,233550.354618
3335,707576.296588,232330.606019
3336,704921.788813,231682.730119
3337,718157.614877,236461.611681
3338,714244.779028,231654.375604
3339,716832.472855,231767.208859
3351,739581.700333,227583.556351
3352,728079.371994,234034.013159
3354,736693.586048,234649.537385
3355,732108.103088,230715.060526
3356,735702.405927,229412.673925
3357,744984.983391,231317.417643
3371,728608.195118,242359.594378
3372,732178.885302,239870.417260
3373,721855.122334,241892.016965
3374,725316.700832,242875.616984
3375,726412.378641,245166.278144
3376,733130.536649,243523.448601
3377,724680.596609,239065.462724
3391,723176.523192,245936.057309
3392,719799.301360,252035.881982
3393,725765.294625,250831.220318
3394,718651.194459,245547.327565
3401,731974.402178,249724.700725
3402,732771.281555,251989.996964
3403,725129.050096,248339.030282
3405,724466.287214,254369.736448
3406,729944.362409,246477.266438
3407,728437.354100,253696.134190
3408,726593.117277,256463.187748
3421,721405.400692,260198.122228
3422,733936.210910,258299.955564
3423,730168.035458,260057.396058
3424,731431.191257,256049.675644
3425,721674.947865,258082.585328
3426,725401.731686,259162.157026
3441,738968.162349,256051.890014
3442,742818.093020,255574.706899
3443,736948.924769,253827.878730
3444,740559.377263,258714.944629
3501,761271.415557,171787.982678
3502,761491.804758,168561.016723
3503,757136.803217,170944.425485
3504,759324.563409,169422.357641
3505,766460.504131,168281.220258
3506,760733.965964,177100.724465
3511,768667.468636,175645.657363
3512,765549.806746,172558.431098
3513,763690.262285,175094.553895
3514,771216.473289,174992.204978
3515,766688.026958,169610.052558
3521,779856.165805,166316.025731
3522,772270.083097,169019.476928
3523,774419.570137,176547.098184
3531,770767.795633,147579.689141
3532,765857.751935,165507.225254
3533,769530.393146,152205.715868
3534,764313.096978,152580.644817
3536,761582.862442,158938.190830
3538,760420.507171,164487.231770
3539,765827.225970,161189.581190
3540,770658.965853,155385.536453
3541,770334.976849,160285.217087
3551,806647.068292,126197.536913
3561,801800.424776,136835.489331
3571,737804.364657,181743.074310
3572,735033.063303,187767.177861
3573,731559.024714,180914.633435
3574,733949.160151,181446.309075
3575,736465.530988,189867.554429
3576,733710.696413,185958.578764
3577,733846.455830,179673.830468
3578,738149.614125,176122.042974
3579,739230.745146,178396.163077
3580,731984.820886,187888.570377
3581,740221.471657,184653.096935
3582,736189.969884,183512.749282
3583,732824.670761,185310.349687
3584,736287.232046,180032.792146
3586,741749.547506,181880.856153
3587,745536.935334,182422.891854
3591,736381.521021,172416.571230
3592,734699.027023,177439.325488
3593,738379.453011,173277.651700
3594,730773.329344,174609.728906
3595,727398.586109,169921.007854
3596,732614.337054,177421.203846
3598,735274.081193,168527.186522
3599,732394.784795,171411.124184
3600,731003.394922,179189.994253
3601,734363.650108,172062.793325
3602,734269.325182,174892.927076
3603,729707.079622,159440.285132
3604,730235.178161,172830.381177
3605,731510.143556,175903.071350
3606,723897.835906,164929.129784
3611,726590.750852,186535.947495
3612,724940.389475,175609.690390
3613,727417.131118,189264.845054
3614,729920.190981,184059.426770
3615,730942.809365,186318.385449
3616,725092.298779,185800.456460
3631,756184.174177,178856.206906
3632,752948.498500,184799.100986
3633,753634.295312,176466.044390
3634,753744.750518,179749.839963
3635,753407.876673,177517.961646
3636,752889.899786,178602.745442
3637,751393.475965,182654.342251
3638,756248.547789,176158.879191
3639,754817.885100,183359.071647
3640,754986.800871,173065.002712
3641,756059.017638,181054.514500
3642,753220.266976,181155.179405
3651,742027.000715,169054.160317
3652,744589.570545,179120.855150
3661,751928.016001,178145.474715
3662,749439.991451,173295.314066
3663,751755.356415,173710.318344
3664,748869.215404,175233.902320
3665,749647.227373,179240.507617
3666,748961.298752,176497.893118
3667,751405.590664,176460.150413
3668,752536.395299,172751.951390
3669,747052.074123,171292.960788
3670,750175.078313,172405.493683
3681,760726.487323,146086.625038
3691,730180.910613,152780.977686
3692,741949.725925,155496.296797
3693,738050.793941,155922.749228
3694,744532.947998,156623.192282
3695,748117.047990,158049.735168
3701,751674.015830,161312.303942
3702,755048.849002,157587.305966
3703,746705.751110,164531.737865
3704,751166.421793,164282.107888
3705,751765.227803,165442.445863
3706,753596.438718,152453.736714
3707,751889.340158,169269.405007
3708,748649.606298,167321.044329
3709,752486.510731,167354.681169
3710,755356.687373,163363.171494
3711,753169.003987,171137.608445
3712,755526.086553,167219.077109
3721,747486.455425,185599.584685
3722,753822.695199,187381.354691
3723,749159.557120,183524.634084
3731,754308.909481,191478.159557
3732,740110.472936,191391.418194
3733,749499.583198,192233.254470
3734,744201.185716,191881.457288
3741,809755.102565,183535.866789
3742,806207.096716,187834.502268
3743,803755.969765,184751.823303
3744,797373.975334,181009.217108
3745,814577.190200,180393.129633
3746,805282.817692,172419.738188
3751,822952.313561,194397.927246
3752,822830.527056,204282.648130
3753,828099.181783,199105.648256
3761,812791.384318,189857.178981
3762,820664.843841,180000.463417
3763,821375.162529,190095.240071
3771,764822.553247,131569.633062
3773,759938.077603,135543.749514
3774,761232.359625,139350.784070
3775,773445.705424,137406.091812
3776,770287.435445,135034.027864
3781,781134.166959,157358.599149
3782,784585.826535,153746.982291
3783,793809.793230,158088.087954
3784,793546.423940,146416.893601
3785,791057.003585,158537.763629
3786,785770.832132,148921.690587
3787,782571.515000,151546.772132
3788,795447.855714,166922.462106
3789,779293.144142,142132.726875
3790,780299.922310,148390.366144
3791,794851.672612,160020.708106
3801,727493.738344,130150.247825
3803,730555.723144,129260.771385
3804,728318.134170,126306.685341
3805,730426.437088,124665.147390
3806,729615.439156,132751.350250
3808,729842.082722,138810.950359
3810,731732.988023,127224.525965
3811,730271.356294,131219.850093
3821,737588.001494,129948.131074
3822,735444.706433,145574.432927
3823,737562.322251,134907.929634
3831,736387.036831,124688.481016
3832,734442.572320,121619.617729
3833,734837.362931,123588.392700
3834,732146.877204,118842.662051
3835,727964.429725,122775.888707
3836,735912.703838,126217.726780
3841,822647.491279,165610.643919
3842,824947.680062,168231.584114
3843,823678.112132,163766.828284
3844,829588.294683,162989.721602
3845,818868.576755,169636.245967
3846,825158.748923,167158.031842
3851,783908.342374,181285.533000
3861,775338.150035,195399.317690
3862,769317.134836,198230.206854
3863,772417.028080,197532.460814
3871,791779.421778,192370.705007
3881,779080.302937,195394.865415
3882,779658.034318,199944.069106
3883,783841.079429,198831.495837
3891,776844.124876,202122.435422
3892,781557.368567,202440.342342
3893,783130.263774,206041.477706
3901,759455.610976,191122.189271
3911,760348.656918,184155.859203
3912,758641.100039,186403.774502
3913,762832.714277,182178.272348
3914,763565.391996,187776.117714
3915,765509.280101,184706.809405
3921,770195.064471,181928.178521
3922,764846.253251,191529.951403
3923,765911.989916,190887.667826
3924,776059.900481,188382.577052
3925,766650.425169,190069.308386
3926,762732.770743,190384.193288
3927,768482.477997,187144.471790
3928,767700.601637,191096.141310
3929,771505.128157,189496.667445
3930,769297.837561,190958.748470
3941,757174.569136,194345.131408
3942,763043.329115,202913.536926
3943,759099.106755,202992.816987
3944,764865.440546,196621.942568
3945,764316.938199,195768.813080
3946,758201.908731,198703.633151
3947,762337.919720,200566.808280
3951,759157.134479,211979.865851
3952,762383.853739,208953.714972
3953,761432.651293,210637.926723
3954,762905.411059,206411.604416
3961,767811.560505,204031.497142
3962,775494.173108,207164.315872
3971,771018.334744,208685.695086
3972,768848.838122,210300.217803
3973,765579.058647,201400.778937
3981,721766.249819,182812.946258
3982,707687.787591,176861.568320
3983,708484.544333,164637.877616
3984,719331.789195,180541.292564
3985,715119.486592,174278.138167
3986,699028.390869,167395.672424
3987,717910.970110,177742.292336
4001,646028.321347,248838.819758
4002,648627.790414,252197.743760
4003,649020.574010,249416.151904
4004,646621.345929,255818.326371
4005,642744.141876,251741.998817
4006,650478.879064,244738.186268
4007,647518.803428,240934.850599
4008,645685.638706,252343.782107
4009,647170.163405,242640.679683
4010,645531.094555,244992.248905
4011,648738.297031,250725.232425
4012,648726.003031,247328.959887
4013,645628.188748,246564.992822
4032,660006.308067,251567.268716
4047,661039.869564,264912.885608
4063,667336.211450,245117.476330
4064,662716.558517,242258.227909
4065,660705.042130,248060.279204
4068,661886.033888,249119.180830
4069,668247.805568,242552.151109
4070,660961.600059,242508.219636
4071,672876.417079,239202.705487
4073,672514.273687,240623.125522
4076,661557.548517,240369.373492
4078,663445.706688,240798.107503
4079,671402.515578,241977.219238
4080,660630.692872,244772.788142
4082,663622.860503,245057.536760
4091,651883.788075,252197.992613
4092,658356.003114,253769.931722
4094,648775.899874,260824.133225
4095,658212.871193,259787.480069
4096,650783.508286,260439.892516
4097,649988.116396,262348.700524
4098,651773.348942,259109.742437
4099,656351.537462,257006.217328
4100,657959.937834,257024.720193
4101,654596.450860,265989.709645
4103,651542.434669,258044.064455
4104,657996.870081,255051.190123
4105,656384.674368,267024.768689
4106,652569.940765,263161.619657
4108,654028.135828,261577.848985
4109,651618.015110,254348.585388
4110,655555.844680,263240.729794
4111,656374.020857,260622.715061
4112,658339.801973,261840.765702
4113,656231.955143,255388.441629
4114,655057.292124,256151.072448
4115,652810.573657,256183.514013
4116,659631.161462,263496.714481
4117,649390.481065,254472.746195
4118,656379.483630,259206.726718
4119,653611.020779,259867.520286
4120,653549.749982,253681.770885
4121,657785.570620,264655.499558
4122,654574.676180,258224.683938
4131,658015.918426,235189.054345
4132,657025.031453,238077.117063
4133,655986.899361,231704.431108
4134,654121.991203,241083.658662
4135,653165.687324,235415.937480
4136,645034.972886,241130.625009
4137,655344.658060,236253.410322
4138,655597.313291,239674.452531
4139,656630.432854,231942.898080
4140,651981.861044,238840.196926
4141,656056.937661,234735.931779
4142,649153.427380,237902.456720
4143,650938.530959,234911.763774
4144,646664.520824,239569.405796
4145,652243.349269,242071.990437
4146,650267.132088,241102.253610
4147,654718.326879,237740.878120
4161,641452.087512,265297.909641
4162,650795.064418,269505.023486
4163,643357.750057,262263.158213
4164,652182.854700,265389.774179
4165,642020.158286,260387.442802
4166,645827.230634,258100.424560
4167,647007.383322,261395.655521
4168,646968.202900,263322.215158
4169,645649.205665,265538.301957
4170,647005.439150,267510.022153
4171,652033.264554,268925.152067
4172,639572.386940,265324.179132
4173,642868.949408,254706.582637
4174,651678.884307,267501.131650
4175,643551.316532,263950.412082
4176,653196.064928,270810.726384
4177,641146.313980,266977.844151
4178,649433.552918,265555.375521
4179,645582.647051,259574.103631
4180,654098.343434,268636.934908
4181,639760.087024,258613.871469
4182,642358.750258,257009.302526
4183,649338.486879,257957.839653
4191,657941.067449,246654.493646
4192,656872.306097,240397.773727
4193,658931.702850,252527.653900
4194,659164.823091,245936.771146
4195,656790.980822,244811.634819
4196,660854.495024,237954.202188
4197,655885.137933,241995.086683
4198,658687.826779,248476.268437
4199,655228.091567,253605.729728
4200,651667.148991,248377.959506
4201,656018.977594,248564.736758
4202,659670.636390,238752.221311
4203,656405.344969,252007.090773
4204,655230.300922,250566.939482
4205,658580.642079,250370.991105
4206,652313.558817,250565.499664
4207,652905.866149,247217.111719
4208,658214.562007,242330.243403
4209,654323.040133,244396.981324
4210,654474.883379,247797.289741
4221,669374.205821,225183.526565
4222,669985.412733,238241.634154
4223,669984.431074,229730.452966
4224,668198.192161,231347.002790
4225,670036.086806,233252.065133
4226,668522.838680,240608.658136
4227,663253.838701,237796.627028
4228,665797.272584,238889.908795
4229,666826.707876,241395.435125
4230,665852.664248,235197.912523
4231,672542.143879,222321.542956
4232,667174.608591,233500.667098
4233,664388.247604,240198.975414
4234,671541.140218,235077.279131
4235,671954.597522,231965.619237
4236,668172.099172,235988.892258
4237,672783.633037,224440.756869
4238,670113.294007,240808.551671
4239,670822.310238,226546.616161
4240,665022.489011,242938.874429
4251,636002.398850,262097.596207
4252,622848.940713,265092.822042
4253,627981.293615,263358.778237
4254,631261.467985,268146.851103
4255,635744.460005,266144.580768
4256,637530.213316,264465.158052
4257,625631.269973,263723.093975
4258,627542.766011,267304.756684
4259,639462.766064,262645.923161
4260,638706.092161,266175.067701
4261,634558.162163,268698.355195
4262,637120.777902,260463.333188
4263,632951.937059,265927.648588
4264,634745.183439,263833.499495
4271,635434.994563,241584.713587
4272,645492.774212,234900.802523
4273,642700.954403,237292.584290
4274,637004.186224,233869.341879
4275,648074.170214,236453.466933
4276,644012.544351,242687.340760
4277,647488.834855,235028.459320
4278,640745.907364,239127.062919
4279,631523.586626,234205.755300
4280,637832.005184,240398.541115
4281,645178.737338,233570.967036
4282,633786.138287,238705.473829
4283,641452.707074,241121.324517
4284,645394.844873,237082.123769
4285,636621.072050,236880.790673
4286,643137.229813,239349.827960
4287,634332.891426,235554.905078
4288,643738.754521,235275.822424
4289,639528.356987,237465.268112
4303,659575.164238,268319.771003
4304,661290.759251,268012.703768
4307,657455.333006,273397.532664
4309,661083.731064,271197.805383
4310,660619.535057,272946.121810
4311,655643.938653,271258.553152
4313,657874.247678,270208.502709
4316,662813.488573,272798.252511
4320,663685.809588,268253.578531
4323,664191.619797,270926.462004
4401,749168.517732,264613.737204
4406,741469.956862,271184.075959
4411,745076.300612,266024.265506
4416,741105.115834,269389.166573
4421,752384.649581,262188.890410
4426,740982.408474,272450.561967
4431,747177.313970,263076.773686
4436,744314.909375,269859.293061
4441,744190.445210,268324.239349
4446,738834.709420,270584.537430
4451,742889.095946,271316.047250
4461,739155.271130,267423.632783
4471,733907.543776,262061.353472
4476,735287.484121,268244.245677
4486,738768.678824,261498.342717
4495,734521.634670,264385.726120
4501,731097.058015,264491.326183
4506,732079.401578,267211.468745
4511,737771.193845,264189.886350
4536,698777.484997,279710.991574
4545,698080.367192,281970.745909
4546,694650.273468,280367.353049
4551,710885.948568,261304.744562
4561,712974.029339,270561.625297
4566,709713.245318,268497.848012
4590,716303.467416,270713.317399
4591,712263.988041,265053.500761
4606,714338.444236,264935.508754
4611,715708.449523,267588.780348
4616,704701.993263,271900.296607
4621,708562.943456,271822.349067
4641,737042.127462,274551.445241
4643,733128.055790,277360.977199
4646,724184.800854,279692.203867
4651,726854.553013,280690.257562
4656,738966.185787,273400.323763
4666,728021.454034,274425.235903
4671,730299.896821,278006.501530
4681,735542.046600,273097.251682
4683,732461.330418,275037.187274
4691,735064.909538,276521.957319
4696,727235.988386,278846.939238
4701,723558.816227,276157.642142
4711,720994.261352,265874.524820
4716,719052.017474,261966.520418
4721,712260.408682,256578.742915
4723,722811.403156,262785.708994
4724,714929.057170,257505.516035
4726,714273.066371,252788.244070
4741,717086.116221,264331.724861
4746,717111.816983,260120.725953
4751,721325.042779,256393.737371
4756,727631.595704,264084.449577
4761,717895.939074,257142.724683
4776,720511.744092,263605.025692
4781,714459.647220,261390.869019
4786,720137.590426,256355.891530
4791,726640.753904,261809.639642
4801,719331.593773,280766.243298
4806,707702.274328,277116.914091
4811,711399.154226,274921.962986
4816,716529.446293,277176.179934
4821,706143.793058,274801.146587
4826,711235.814485,277776.586398
4831,717688.244436,273632.839703
4841,713854.425298,273494.262068
4846,720848.653966,277471.604234
4851,721594.107189,280005.017541
4864,716575.019277,279774.685378
4871,704305.731986,279522.765618
4881,720157.867244,269136.298786
4891,730223.055964,271306.067899
4901,733624.748725,271045.886018
4911,729561.790396,268095.581039
4921,724825.078100,266849.488918
4941,723263.666082,272188.527179
4946,725906.444744,270130.116175
4951,720839.927733,273445.143961
5001,726758.509612,118100.370358
5002,722252.406093,117732.138460
5003,716771.258088,112148.361345
5004,721523.257262,113026.443874
5005,720645.628365,114661.180089
5006,720729.594485,121959.548487
5007,720099.448939,120510.428594
5008,716359.153494,115558.155747
5009,721778.484750,110336.646328
5010,725677.630128,122067.474869
5011,719841.310093,109744.003242
5012,717910.621517,125011.642098
5013,718522.370086,118198.948289
5014,724368.110144,113461.060124
5015,717841.855966,123102.680556
5016,716774.804046,110764.385303
5017,718574.365628,112467.368007
5018,728311.156453,113226.823156
5019,718218.859026,116523.657116
5031,718692.195694,155864.606172
5032,711239.656297,157533.457156
5033,712402.217451,147997.318783
5034,714261.268010,143898.494223
5035,718168.832031,145076.089689
5036,715283.771403,160757.357273
5037,715205.162127,150170.496920
5038,712644.117459,145697.131447
5039,716492.199064,146943.487376
5040,716028.273461,142154.585234
5041,722958.131226,143880.185689
5042,712619.640928,148569.075182
5043,710525.988610,154654.252564
5044,712102.441014,149587.863123
5045,711672.912281,147095.155008
5046,716541.175480,140063.198399
5047,717886.078563,149127.910880
5061,689024.497604,155177.055077
5062,709827.420795,144325.367302
5063,680019.765788,149440.676918
5064,713981.424476,138263.743327
5065,708150.389316,145665.818187
5066,705385.961432,150607.078186
5067,706355.456356,150718.154077
5068,711472.586543,141862.754364
5069,706601.904580,146210.081115
5070,704148.187512,142227.421865
5071,701668.123274,145955.176699
5072,704636.741135,147827.872316
5073,709496.499717,138531.555660
5074,704260.556770,151115.149605
5075,702051.750485,151135.057225
5076,712035.841778,133814.979260
5077,715941.610158,136639.805928
5078,699334.687752,148110.924865
5079,697673.027835,153777.606599
5080,707934.731004,149050.770614
5081,712901.249058,140126.117293
5091,702527.319387,112387.518128
5092,696772.307128,117766.769802
5093,693992.162710,118137.215786
5094,689972.520038,113593.948720
5095,701630.062772,128672.681070
5096,706227.835533,117067.391814
5097,696400.343838,109121.816471
5098,703606.014167,106499.515657
5099,698074.493320,116226.639935
5101,714906.598848,112067.629843
5102,706854.222898,121424.015938
5104,713859.903916,117160.094048
5105,706217.480389,134573.260986
5106,705186.246364,108059.948426
5107,705820.867792,129601.750671
5108,710025.433107,116211.655176
5109,690354.710043,121373.694850
5110,708542.177432,105845.899639
5111,695422.491720,113761.832118
5112,709836.318709,125716.331498
5113,707720.332274,114112.459635
5114,695446.797470,118516.521476
5115,700665.005066,113887.655063
5116,711662.867713,111664.206556
5117,707098.329827,119046.158704
5118,706192.049913,115955.798000
5119,692346.267138,116747.736441
5120,705403.995327,114530.899804
5121,704728.291174,115556.746387
5122,692232.844523,110558.119861
5123,707924.961728,109040.038035
5125,699004.016545,111469.953616
5127,706407.241303,108716.144418
5128,704414.943609,107269.354601
5129,701479.007138,135674.030231
5130,700868.810121,116118.793615
5131,708572.580086,115754.756121
5132,685102.304293,121723.347109
5133,699720.208121,116755.714910
5134,709879.208822,109384.401689
5135,711552.361202,120270.032666
5136,688604.507391,117541.822207
5141,713220.533278,95344.982983
5142,714175.149660,91814.951217
5143,711174.969901,97431.887294
5144,720478.904246,90752.797290
5145,712603.674781,101945.650200
5146,706697.575839,96913.842536
5147,714377.143185,90590.777597
5148,714497.081234,101247.145751
5149,708765.013592,95687.932309
5150,721134.967171,105352.809369
5151,714032.672984,96923.507028
5153,715503.735843,109397.514895
5154,718742.363425,90084.051579
5155,726552.914940,105723.234147
5156,713570.961791,98681.030895
5158,715315.047222,96370.101954
5159,709865.761691,100156.427754
5160,716467.064424,86588.020062
5161,712528.751074,97816.174194
5162,715761.342017,99173.450694
5163,720450.165102,100171.215850
5164,720581.656066,107050.757771
5165,716899.342120,107080.792807
5167,718378.410749,99488.268742
5168,715940.811086,92109.005867
5169,713470.859223,91865.936117
5170,715807.035915,90575.932241
5171,711685.866141,91949.098478
5173,725938.850489,104381.015339
5174,724772.215595,103554.218580
5175,712365.968207,95705.579129
5176,717518.177390,99865.723440
5177,722096.214266,105414.040575
5178,708764.127350,93949.923000
5179,719798.615470,97643.903876
5180,716568.192635,99543.618903
5181,709746.720423,95678.197347
5182,719823.135957,99072.303667
5183,710961.229272,100669.321658
5184,721873.914091,95464.341676
5185,715265.864270,94444.473163
5186,715409.618371,91854.039531
5187,714593.907379,100024.184471
5188,711518.997865,95896.600631
5189,715568.098252,100418.516799
5190,719822.871434,106230.836879
5191,719768.230141,104873.792732
5192,719382.991677,96048.474069
5193,712363.999106,93306.189761
5194,714646.610863,98768.256427
5195,719043.185659,88545.686424
5196,716567.339790,96789.403425
5197,720620.429656,86701.078361
5198,716727.981883,90584.376533
5199,713886.723011,106116.780361
5200,709231.369216,98729.060524
5201,714558.560845,92962.142795
5202,705755.964750,94762.876658
5203,714051.835259,88150.052210
5204,711684.754956,101736.730961
5205,714547.663033,95108.135473
5206,711517.614592,94096.843277
5207,708908.706729,97313.879208
5208,716570.075966,101095.390675
5209,715630.622253,93766.547930
5210,716978.580458,94057.837574
5211,716437.844608,93328.180071
5212,722365.916855,107251.200358
5213,710042.059412,92111.514052
5214,717260.033849,98394.554181
5215,718982.999322,97982.099184
5216,710572.885610,93404.647883
5217,713309.973054,109109.941457
5218,719479.881878,104090.130999
5219,721120.790456,88326.856292
5220,718683.762973,105160.344836
5221,716630.171631,97522.599922
5222,706663.550110,95572.515489
5223,712822.765892,104811.536551
5224,721715.656603,102634.692735
5225,715961.142155,95363.948910
5226,718824.993712,105881.935217
5227,714032.540276,102936.968167
5228,718660.157690,104344.152228
5229,724469.713580,106610.533775
5230,711702.346621,94827.899453
5231,715859.703811,98148.437768
5232,710859.072296,102006.090722
5233,715136.760342,88109.200101
5234,718646.393354,96853.002228
5235,721251.108540,101267.188161
5241,716556.015610,82046.804152
5242,721916.829491,78043.828964
5243,717642.732037,81103.256385
5244,725607.482032,83024.266645
5245,725862.530330,84563.755520
5246,724803.120399,81805.458773
5247,720027.145846,84718.709123
5248,723948.410388,83633.297918
5249,721996.679602,82325.456880
5250,722621.820254,76477.015228
5251,720201.584758,79230.311339
5252,717981.719508,78757.928173
5253,717736.913043,80191.453180
5254,720221.698498,82714.380433
5255,716737.527483,84219.788702
5256,723008.534711,82371.969165
5257,722964.545278,78805.319191
5258,724328.871309,80754.413671
5259,723897.675876,85691.500425
5260,719636.089669,77971.363788
5262,718935.032180,81590.408613
5263,718344.523865,85431.057250
5264,724751.377527,80135.393102
5265,721245.650586,82956.772988
5266,716085.462092,78441.296880
5267,718035.063923,82166.853471
5268,724131.070543,78532.003658
5281,721883.991231,136244.325595
5282,723201.913335,125095.894390
5283,722824.605980,129237.004642
5284,715575.664712,131482.381574
5285,716413.614386,127432.909728
5286,721863.505664,131762.001779
5301,698644.956148,119600.492275
5302,702364.526313,117771.362383
5303,684493.747812,138779.646000
5304,680512.342893,130413.458139
5305,694853.249889,136473.602548
5306,692862.160719,133884.030983
5307,681221.118357,125679.401830
5308,684410.336566,136368.852292
5309,685143.080879,129313.106805
5310,689111.236454,128741.570794
5311,697740.626643,127043.529422
5312,692369.409807,146250.417804
5313,695792.187890,127912.504750
5314,702426.384151,120990.364792
5315,687681.926635,129628.576972
5316,694007.659214,123037.724923
5317,699775.253448,124541.397377
5318,693801.512774,135040.604939
5319,696314.895125,121617.050876
5320,689033.136709,142480.429381
5321,696632.925655,139275.342846
5322,691903.881611,126749.521679
5401,564093.306788,129398.961506
5402,573040.282422,122747.144512
5403,558219.532234,133705.144131
5404,564689.062936,135459.095230
5405,573707.802825,126631.828968
5406,569172.846120,117627.851530
5407,567092.126621,133550.284378
5408,558255.211386,136994.374178
5409,569421.095929,128130.478484
5410,571771.429549,136529.948622
5411,578886.531904,132868.949424
5412,559975.046052,136178.155384
5413,560485.046776,134396.690190
5414,564192.151591,139543.374197
5415,562054.447050,132078.844331
5421,521623.388079,156479.415289
5422,519121.127912,149350.735566
5423,518660.320880,156358.045672
5424,514900.122603,158040.401697
5425,514023.816226,155783.078404
5426,516470.300045,148619.904420
5427,518147.757467,148055.988839
5428,511830.168538,153466.227025
5429,508932.138679,150995.725121
5430,506914.235210,150360.946124
5431,516963.096616,159178.408607
5432,516787.187137,151108.520270
5433,516189.040947,149660.408964
5434,509385.949001,153051.331456
5435,518772.241953,152411.413410
5436,512452.673508,149927.079567
5437,514684.106337,152502.207118
5451,569486.288860,192693.340188
5452,568511.479373,196977.100745
5453,565262.889588,197599.855981
5454,566402.385666,198815.651208
5455,568206.293345,195813.546484
5456,569121.745988,200441.736367
5457,571343.125946,191483.657420
5458,572243.329023,194660.865825
5459,567345.999826,196181.290214
5460,570662.414706,199062.283921
5461,569798.623698,189327.791427
5462,569459.748958,198230.099068
5463,566477.213941,195012.969921
5471,533849.322560,164024.833885
5472,532996.402255,162338.264211
5473,534670.096672,161690.668579
5474,525676.828179,163944.069795
5475,524031.763357,162443.342097
5476,526239.451175,166260.490821
5477,528360.113250,162806.983650
5478,524467.880742,158592.843505
5479,523214.512704,164916.969260
5480,531914.176289,164543.139982
5481,527731.489037,165230.492376
5482,531434.038569,167085.552821
5483,526594.680402,168114.570943
5484,528977.161547,159840.243485
5485,525078.742606,160725.097372
5486,519933.164685,164221.496800
5487,530077.961302,165029.312738
5488,521686.290621,161817.631266
5489,532588.748487,158846.654071
5490,524537.859215,167378.086478
5491,519485.731580,167462.226804
5492,517270.116937,161909.596614
5493,531048.487853,169165.545549
5494,522087.343862,159946.178667
5495,530326.003845,162794.717720
5496,531247.599644,161226.054747
5497,529811.128289,169918.080657
5498,528521.465140,167455.690792
5499,526907.252849,161325.842658
5500,523601.065861,158188.555186
5501,533229.426375,160364.310528
5503,530922.053143,158617.662811
5511,537685.920178,163143.125699
5512,543977.337163,171417.253724
5513,535832.060551,163463.770248
5514,540513.865800,162944.873403
5515,539137.188818,161396.250211
5516,539070.027449,159214.202510
5517,543242.069526,166113.592237
5518,538486.337575,165559.573175
5519,535187.408846,166773.188233
5520,539298.552618,174359.563353
5521,536398.158424,161464.283517
5522,541960.205286,169353.082761
5523,542768.194400,161039.464879
5524,536659.833817,167997.488924
5525,534902.147024,168854.825282
5526,538815.718231,163954.577340
5527,537806.300023,160438.408045
5528,543005.116925,167851.585968
5529,533727.003106,166527.716370
5530,541483.415589,172342.596316
5531,536341.031880,170515.480849
5532,541173.063933,165678.443321
5533,542560.501138,163862.792463
5534,543040.947671,172075.593524
5535,535946.867079,165186.059937
5536,541385.049711,167309.685161
5537,539075.868195,168150.138521
5538,544258.813224,163443.927603
5539,539354.272566,170818.696791
5551,541348.090598,189165.695820
5552,532742.832934,188318.311390
5553,539958.283079,187482.416559
5554,545009.871687,190908.317820
5555,543660.917011,189396.791568
5556,534361.628685,189269.716179
5557,536036.320142,189789.705972
5558,539908.426040,190408.966375
5559,536741.286872,185154.357605
5560,535762.568132,188691.913560
5561,539388.648973,185136.480919
5562,536682.939178,190962.498849
5563,545103.051287,192602.086679
5564,535442.548653,187096.822435
5565,542597.247402,188953.982944
5566,542513.061971,194735.357519
5567,538436.057592,191664.742753
5568,527533.991151,186276.622986
5569,538739.959975,188879.531047
5570,537909.654359,190269.711558
5581,542375.068625,153077.737703
5582,535379.195358,159598.764764
5583,533955.339314,156722.153527
5584,540936.762758,155781.493874
5585,535376.054295,155966.524263
5587,538661.270085,156762.254523
5588,541283.566757,151068.762336
5589,536052.311979,154517.152108
5590,540982.916843,152534.556304
5591,534872.451420,154129.284869
5592,536354.001021,156900.060693
5601,549431.025012,148325.360439
5602,545734.817394,149984.773996
5603,547054.907268,149794.281706
5604,548161.455816,154289.511983
5605,544991.583298,150479.653720
5606,543236.454730,151796.098579
5607,549990.569317,151088.114971
5608,546413.014497,150195.770743
5609,549420.335093,147441.546772
5610,550433.357301,147723.980329
5611,545423.970429,155535.175990
5612,544383.883653,150720.938098
5621,528873.621085,157866.468570
5622,529498.976202,155636.358411
5623,521077.183515,146702.039972
5624,531911.034237,156179.818052
5625,523457.513625,153774.146285
5627,533833.949888,153350.039149
5628,526179.671005,152104.084923
5629,524148.058443,155741.266186
5630,525542.107564,156451.176667
5631,524335.630691,152266.015292
5632,530971.594063,152848.127636
5633,530907.604668,154665.398762
5634,527730.838321,153631.048057
5635,532626.134032,153300.959277
5636,521916.995299,148599.503991
5637,520893.808739,150434.274782
5638,529291.654858,153590.846823
5639,525323.947785,150754.106590
5640,523965.007798,150444.069673
5641,526455.060145,153957.854688
5642,527443.435303,151849.026093
5643,530201.494028,152040.710413
5644,523406.454042,154977.709440
5645,528834.131504,156567.248094
5646,524027.422372,148715.319854
5647,527372.888423,155436.447522
5648,532567.010730,151678.620672
5649,526205.273376,150484.356675
5650,525229.217235,154599.758138
5651,532884.741017,157718.065669
5652,522592.992491,151123.055185
5653,525427.270770,153185.275509
5654,526572.552657,158467.302457
5655,520824.066408,153378.943211
5661,544888.061859,169996.134450
5662,555425.074812,168671.938146
5663,551884.899791,171218.823857
5664,546166.386263,168873.603905
5665,552602.627879,167929.204746
5666,553930.476289,169448.632083
5667,546694.188153,174370.464058
5668,554283.393128,174875.175745
5669,555027.247138,172308.855581
5670,550086.896895,174759.954920
5671,557292.213135,173496.359886
5672,553031.543236,175202.152377
5673,547619.526155,165368.495603
5674,556189.482558,171372.445469
5675,554019.514877,173287.690681
5676,547740.056640,168011.202096
5677,544452.406946,166331.803139
5678,550439.169409,169188.013266
5679,550208.373046,171986.519559
5680,545315.586192,173346.441392
5681,552251.440186,173116.820193
5682,543919.122805,168249.264381
5683,557487.817069,172004.425736
5684,549204.159226,167219.832432
5685,546914.536665,170965.236667
5686,554927.206062,170311.022359
5687,546479.989850,167174.534518
5688,549437.283441,165951.111906
5689,548020.328965,172741.530994
5690,551303.994080,173790.423122
5691,545504.936094,166265.496135
5692,549241.027669,164180.428771
5701,503914.064154,136489.869710
5702,501671.128820,149201.872181
5703,504821.004096,149445.007164
5704,508921.641276,144630.417842
5705,502477.609484,134388.186486
5706,503106.842163,137400.930599
5707,501134.300904,132884.526321
5708,499720.633882,130328.938591
5709,500759.590542,140777.985738
5710,507655.809296,142042.138953
5711,501597.455509,131046.770000
5712,503762.966498,130760.845194
5713,505089.399564,135519.012616
5714,502246.874563,136868.382977
5715,507046.045907,140483.297024
5716,505086.135375,137385.784011
5717,503481.965428,132443.796146
5718,506375.286228,143495.617847
5719,500035.123689,142484.719045
5720,504511.650979,143137.750397
5721,510394.146567,141598.471667
5722,504101.987645,139121.236444
5723,501551.767119,128867.479270
5724,506749.099888,137940.145348
5725,508997.946943,139500.002457
5726,498360.836992,140368.203305
5727,499248.746426,145304.801382
5728,505048.321467,138667.169630
5729,501997.818038,129657.940411
5730,504518.886898,141596.437279
5731,507465.690738,148057.762348
5732,508589.518816,142552.879702
5741,526285.639553,178993.401526
5742,528825.013161,174528.827066
5743,529487.934738,171390.403857
5744,521411.523552,176481.110465
5745,528287.525066,182260.166082
5746,533274.726929,170212.616242
5747,527858.743587,172922.826392
5748,525969.957460,174317.508168
5749,533496.930826,173182.543106
5750,526074.472225,176224.680328
5751,536217.695722,172730.269735
5752,527015.807745,170869.261003
5754,522842.991561,170674.285014
5755,524260.730035,177795.816722
5756,529081.180473,176286.243637
5757,531545.448775,175483.609618
5758,522382.562621,169231.188726
5759,523779.909514,173600.017963
5760,528877.855637,179832.047448
5761,525257.733498,171161.670146
5762,528359.186201,178205.197641
5763,530978.402731,177848.814283
5764,518389.530741,173513.428513
5765,519333.953121,171088.843118
5766,532526.084056,184055.401719
5781,555895.645631,157663.356025
5782,548965.523169,161489.521876
5783,551442.170256,156928.634793
5784,555087.736513,158318.207817
5785,545769.479388,161360.503180
5786,547616.158821,158191.333219
5787,555435.989566,155466.744825
5788,550193.374542,157235.353995
5789,550221.018235,159959.141362
5790,556718.077803,156318.558570
5791,548418.922174,159756.632454
5792,545722.171288,159135.426784
5793,552850.051946,157985.802958
5794,554208.881233,158077.549898
5795,553828.343123,155811.076759
5796,545639.005271,164551.353982
5797,558250.074386,157129.993375
5798,547532.166825,162425.945012
5799,549476.754216,158249.249221
5800,551767.094770,155970.943725
5801,552162.628758,154316.254226
5802,551435.215150,157954.326273
5803,550589.885800,163671.812339
5811,558696.003778,175472.409369
5812,550164.211794,178853.314582
5813,559788.366242,193321.115936
5814,553036.218283,179568.356291
5815,551479.239068,177410.251582
5816,564039.800692,188024.332156
5817,561409.906835,191378.159837
5818,557884.203867,179705.958169
5819,557677.292940,176975.344060
5820,559206.409391,179019.405665
5821,564569.852885,191774.423386
5822,561546.498711,185453.056298
5823,560582.597067,175895.309866
5824,555776.566286,180731.856457
5825,561148.797517,176984.399976
5826,557212.305084,175375.393695
5827,560635.528309,180541.286201
5828,551410.882895,180596.711822
5829,559171.217431,174473.938946
5830,559533.992391,177097.763711
5841,576899.492560,143718.131914
5842,571062.549983,146039.865058
5843,582400.278253,149927.168618
5851,519757.458206,147059.619935
5852,513181.848683,143918.834744
5853,511468.383139,145172.856759
5854,509882.719770,147365.919676
5855,512120.153269,142917.182591
5856,513527.383053,148654.410975
5857,512600.270182,146286.627748
5858,510607.054916,144010.726271
5859,515351.768805,147712.525276
5860,517087.025309,147109.060871
5861,514960.733663,145738.262230
5862,513435.530346,147110.371957
5863,510747.762968,145006.146887
5871,513628.124131,164992.110253
5872,505415.411930,159578.431969
5873,511283.790724,168622.354158
5881,560321.253295,147522.907456
5882,552627.408777,148772.512406
5883,553119.815868,146815.662957
5884,556425.842104,149393.625401
5885,554537.697160,148650.588296
5886,561748.189620,144614.500438
5888,558502.617244,148878.135716
5889,556259.874948,144995.646448
5890,554630.792585,146047.033897
5891,563502.911011,141882.762182
5901,549579.648402,183163.815182
5902,537851.339207,176624.627654
5903,544655.391932,175296.868332
5904,535851.305405,181102.498900
5905,533067.744846,181766.458834
5906,546938.505698,175393.964498
5907,549767.612884,181202.903851
5908,548967.777767,179635.900504
5909,542806.452701,182290.995081
5910,543788.374406,178665.145448
5911,542943.378430,180237.308227
5912,547974.825370,177634.894033
5913,545071.347292,178109.997630
5914,536119.281239,177409.948186
5915,534361.110390,175773.959316
5916,534782.559684,182869.200573
5917,543474.706760,176780.868585
5918,538872.055949,178235.057369
5919,533258.920451,179087.318573
5920,545917.853183,178256.577998
5921,547226.110481,179334.866968
5922,536713.859958,182475.548037
5923,543145.385704,174060.403645
5924,534707.043749,184919.388709
5925,542233.292044,175285.949286
5926,541219.411437,178859.690491
5927,546068.565369,176393.900148
5928,548367.564139,181830.138289
5929,536273.295376,174797.291938
5930,534924.739670,179353.970986
5931,536455.044457,180151.245931
5932,541194.729773,176215.216590
5933,536264.111287,183596.167231
5934,539983.320690,177420.947523
5935,543526.868257,181600.068642
5936,534788.336187,181939.213504
5937,534007.341860,186345.039796
5938,538780.375056,180652.533945
5939,546356.276585,182372.077068
6001,638739.477549,134630.254411
6002,641638.646083,126469.863876
6004,634505.162627,128776.409427
6006,635451.422727,134266.834948
6007,641863.307261,139733.670622
6008,648272.503885,126302.467373
6009,646131.604341,117033.418470
6010,647769.408708,130196.874613
6011,651015.352740,112604.462360
6021,584517.685190,119855.608173
6022,581355.686965,118207.823744
6023,585824.879006,124578.621003
6024,590675.632908,110120.812336
6025,587025.110724,119389.562397
6031,590686.459374,94705.867224
6032,582478.314919,85338.243940
6033,580579.516226,91840.387221
6034,573872.972512,91244.141126
6035,577336.786127,102027.862999
6036,577950.045585,104972.056068
6051,655662.597444,136897.331464
6052,655203.347388,143910.397235
6054,661324.991908,135515.737658
6055,658520.149562,143845.772399
6056,656548.735035,138566.108329
6057,652203.490039,140434.803942
6058,648149.054064,150047.787182
6059,664384.072211,150503.965638
6060,659847.639586,147554.341638
6061,651176.524678,138795.431130
6062,659487.365451,139768.650489
6063,664172.306939,148993.683088
6064,658443.034568,142063.497566
6065,667403.914982,153300.516972
6066,673225.050700,156702.760001
6067,663268.366747,145020.094993
6070,657830.149364,141073.659788
6071,669096.433782,148165.725083
6073,658908.565252,146165.201856
6081,594578.967109,116261.172507
6082,597814.853044,130716.420966
6083,605482.993017,99814.702082
6084,596683.806176,104131.592646
6085,601697.259239,115997.628304
6086,603170.807738,117258.810382
6087,601675.879116,111910.313333
6088,599776.814904,117676.545714
6089,596339.003180,116154.658541
6101,617316.481656,124423.330630
6102,615859.738588,133643.665611
6103,620884.065801,131008.913882
6104,622316.178477,122162.350680
6105,619622.444605,132856.616658
6107,622748.468075,132106.829304
6109,612251.462496,134350.538301
6110,614983.669617,126955.559482
6111,614537.218937,138989.967637
6112,619929.230625,115866.104200
6113,610484.704985,129120.154053
6114,621041.409326,127850.273260
6115,619580.665451,126419.191553
6116,611871.859501,131799.829992
6117,618315.102907,133099.262271
6131,572390.785289,101387.132990
6132,576676.621714,107806.392219
6133,574755.149945,111834.841123
6134,586800.072000,110741.960623
6135,578176.199664,116563.325745
6136,572349.248345,106251.884446
6137,568659.867040,102174.692622
6139,584501.951414,110190.038664
6140,578384.232808,114041.487434
6141,580350.982064,109446.526977
6142,565962.742650,97785.842403
6151,554214.973171,112096.554517
6152,559330.624704,125542.099124
6153,559628.754665,121121.443949
6154,555340.238111,135305.568141
6155,551540.030198,135458.064968
6156,557314.727975,120303.401787
6157,557570.186204,115729.485014
6158,556293.577018,128636.598296
6159,554622.086226,131788.137151
6171,647552.548822,141832.791717
6172,649259.265300,133344.280834
6173,643843.290374,133393.384314
6174,647810.385586,133028.729378
6175,646896.199164,136584.459180
6176,646321.083978,136407.221883
6177,653765.306512,132337.026984
6178,650303.758722,138412.472359
6179,646376.660933,133934.611582
6180,645367.593496,136636.035809
6191,631961.499415,130710.695018
6192,632738.857481,143798.786524
6193,629250.125882,124327.436822
6194,624894.238520,125666.118093
6195,622750.745606,137439.161438
6196,625318.736451,131057.475532
6197,625344.553128,138379.510996
6198,627184.691860,131714.909249
6199,629914.360856,132475.433260
6200,625047.022533,132221.023333
6201,626131.380197,122529.369247
6202,626791.060523,139641.819158
6211,570447.782473,114392.937839
6212,570876.101523,111204.162679
6213,562110.655135,110862.862130
6214,560780.239472,102124.353731
6215,564814.823935,120445.214795
6216,564659.265759,114659.884848
6217,566967.070832,116414.942699
6218,562987.986927,106640.059868
6219,568575.132796,109693.189732
6220,563704.584171,116728.569140
6231,615581.926310,107100.039309
6232,607056.561017,121817.861312
6233,611865.391112,122565.733678
6234,602904.951262,126362.469417
6235,608037.579957,125038.229209
6237,609742.167211,109413.467974
6238,603586.077320,120356.774187
6239,601323.324822,132160.616659
6240,601497.989704,127045.188231
6241,608455.226385,129237.269672
6242,607629.624169,133214.997675
6243,603836.986835,127417.176305
6244,604596.891144,130731.857777
6245,609350.994971,117502.686881
6246,599108.959882,122780.233993
6247,614059.167048,119011.101301
6248,605950.023022,125213.236249
6249,606792.053289,128292.273031
6250,608001.427020,128034.960932
6251,611108.394270,118979.806331
6261,594965.659689,127693.783269
6263,595549.727872,122717.740227
6264,593444.218525,117344.155290
6265,590203.056862,128664.089417
6266,594396.653807,119888.376523
6267,592235.201028,116201.580262
6281,632417.823780,128451.512237
6282,636212.285513,114289.979822
6283,627595.457667,118428.160803
6285,631670.277396,116218.384325
6286,635398.842021,127757.148477
6287,626343.389618,105118.602171
6288,640880.774892,100416.184818
6289,638366.597212,111320.024798
6290,635626.423519,104282.990316
6291,641282.643429,109460.983284
6292,627951.103634,111825.864047
6293,633826.284172,120309.427178
6294,636386.040675,118559.984952
6295,628832.587770,100347.620719
6296,630647.929649,121250.298875
6297,634112.863118,126754.830433
6298,638684.706921,121410.613068
6299,632559.562653,124789.472753
6300,624335.459644,93176.957903
6401,557393.194570,203092.547331
6402,551675.526261,197984.068451
6403,554228.420810,202150.092707
6404,551974.294795,200415.643567
6405,548486.344127,201379.711088
6406,555862.123041,202218.752383
6407,556546.607412,204407.896470
6408,555020.521198,199385.533909
6409,547354.432662,193289.941989
6410,548704.120723,197232.734398
6411,546353.211826,195589.025895
6412,558226.413988,205090.782716
6413,551704.627019,204135.149670
6414,547867.391798,195340.327132
6415,547254.216675,191882.757778
6421,554064.621011,217862.903863
6422,549352.114779,217683.497415
6423,551618.368224,210894.064198
6431,545780.657188,213997.404721
6432,534868.009378,202259.233935
6433,547853.316085,203982.247587
6434,541504.501903,207487.692539
6435,543477.339864,206146.901116
6436,547539.688747,211581.144114
6437,545840.169109,205329.625165
6451,567990.197046,209202.013812
6452,568696.615305,211228.094868
6453,567580.166110,213541.771450
6454,564336.329254,207460.529830
6455,571043.485722,212665.481688
6456,570538.296870,215650.068241
6457,567540.529751,206615.909541
6458,561932.760986,206602.382101
6459,565820.890203,208744.697375
6460,568441.048556,207833.806147
6471,556599.343461,209108.912215
6472,559139.696826,214047.934148
6473,561104.308878,214564.062624
6474,555367.540578,206674.965371
6475,563152.616375,214946.847151
6476,560879.550104,210452.747803
6477,561413.537395,208748.145217
6478,557847.306475,212160.570750
6479,557775.828296,212516.517898
6480,554271.314732,207780.074561
6481,555734.482315,211244.539818
6482,553747.587329,205842.025606
6483,566039.749847,217447.405426
6484,563648.180767,211108.789561
6485,559008.570311,207111.386098
6486,566286.969082,215473.310372
6501,529543.001261,198119.838867
6502,535312.536113,198059.300325
6503,531130.666562,192889.277164
6504,527482.454452,190660.752884
6505,538466.357231,198421.224346
6506,535322.748369,194140.514317
6507,537704.347975,195103.012756
6508,545362.586780,200463.494054
6509,532702.443063,197073.883483
6510,542085.605272,200008.060437
6511,526609.781539,196446.779237
6601,492196.924579,116379.466395
6602,507080.969779,125523.882740
6603,488774.758998,113910.532114
6604,489537.259093,111903.697825
6605,497991.495532,111695.480272
6606,499610.867489,123707.923036
6607,494191.603978,115033.256114
6608,499754.952970,115298.341745
6609,491271.154053,114826.558399
6610,503921.879754,134152.696184
6611,487219.745306,111732.403455
6612,502967.510223,116567.854265
6613,504156.742419,116973.099148
6614,506277.449350,120150.914661
6615,498523.727227,126200.448488
6616,504995.727782,122838.191801
6617,503300.122256,119238.599407
6618,495777.707746,114541.041905
6619,506684.374519,124132.700752
6620,488110.051421,117372.275808
6622,500966.781941,124701.396343
6623,498222.270528,121338.460411
6624,509887.532361,122925.736557
6625,508000.527481,127604.989424
6626,510559.843247,121293.507288
6627,491498.488665,112909.544699
6628,498159.864936,115683.230153
6629,507174.449861,121998.342798
6630,495123.353335,120997.979134
6631,496684.323965,115704.420955
6632,495658.935041,112745.061063
6633,498077.709820,113353.746375
6634,499956.932818,121732.864791
6635,509067.992142,119191.550269
6636,506894.206447,118426.884388
6637,490022.008643,116823.987145
6638,491824.341183,119036.706122
6639,492508.051150,111691.145655
6640,504740.030690,116820.243443
6641,500541.483623,112745.037481
6642,504708.424324,119366.710891
6643,496280.598176,118588.788020
6644,500361.177889,127492.346140
6645,501784.318681,114147.716317
6701,585047.586125,242716.947803
6702,583702.744193,245652.757262
6703,586158.796718,249163.517528
6704,592911.402236,241243.547442
6705,602688.773141,244707.395983
6706,601014.156077,244235.377473
6707,587990.878447,242129.594042
6708,595135.535581,242647.491393
6709,596554.106695,246485.906886
6710,590854.560478,242244.255159
6711,592014.225746,247139.974980
6712,588128.718837,245997.489463
6713,592124.664260,252393.489272
6714,580785.287780,241814.856884
6715,605846.758256,243265.400582
6716,591601.241722,249619.696546
6717,605535.680444,245485.588364
6718,591683.164907,250923.331903
6719,588368.792684,251865.306386
6720,598449.312634,241058.463592
6721,592871.639821,243681.277310
6722,578983.717427,239116.206378
6723,588541.525383,238780.694510
6724,595419.773559,249929.208118
6725,583656.036569,238899.701472
6726,603497.250896,240928.321570
6727,599122.469828,244449.095036
6728,594464.946981,240516.093801
6741,569333.127279,234748.842388
6742,559043.056089,225535.306473
6743,566959.022937,228340.833070
6744,568950.262139,230273.308966
6745,569219.617784,237916.245428
6746,575815.301257,243002.988723
6747,572700.734573,241796.145471
6748,575419.598195,233755.594583
6749,563729.143857,235283.218915
6750,576940.750577,236519.065435
6751,572231.546750,235842.433077
6752,573254.702584,239348.289446
6753,565747.600313,230298.451082
6754,562540.928147,229312.163793
6755,564279.823577,227399.827974
6756,565792.710510,236358.317925
6757,568298.172121,232857.043191
6758,575808.813055,239817.107515
6759,569897.883403,239994.231824
6771,576429.624490,253115.849053
6772,582366.139969,248953.112435
6773,576954.623058,260229.145322
6774,567514.072740,259780.533237
6775,578756.140851,258383.822467
6776,569825.728577,248226.073653
6777,568902.287887,258367.030571
6778,566681.719501,254270.643133
6779,583190.983472,252925.225614
6780,566344.915103,249063.335429
6781,574111.454659,255787.226155
6782,579202.570353,250475.635656
6783,570407.029616,254234.239337
6784,576082.223631,249173.512787
6785,569012.321290,251422.595981
6786,570462.126673,256399.384803
6787,574569.475613,258123.944956
6788,558984.842437,246504.971823
6789,563634.672547,252240.564482
6790,572678.125475,248606.486001
6791,581411.550560,251139.362515
6792,561868.276242,249134.505613
6793,574025.993016,259464.171891
6794,579832.145925,253402.987040
6795,577970.784130,244525.025102
6796,571350.108471,259250.744652
6797,580013.468081,245525.629357
6798,572167.987156,244962.541075
6799,583524.591462,251313.693800
6800,572258.681449,252341.838017
6801,561133.426891,246587.708633
6802,563397.425059,246163.922933
6803,563873.834270,248518.853486
6804,578500.054898,245478.055734
6805,575177.509063,245898.396233
6806,578119.214682,255722.494867
35101,600673.590199,199685.757245
35102,598850.992436,201391.014559
35103,598527.648069,198621.778656
35104,602335.566627,199543.992326
35105,601258.880346,201168.130133
35106,593632.385172,198690.942316
37101,584759.651480,221822.329863
37102,585272.057757,220586.973883
37103,587706.046688,223334.562863
37104,588349.405873,222121.114045
37105,586371.763837,220193.031440
94201,616283.759142,178701.894110
94202,612955.658120,178235.758419
94203,613300.173645,175758.011346
106101,668438.192664,212149.806924
106102,665501.928740,212318.310852
106103,665930.638329,211413.691727
106104,668163.304309,209100.905483
270101,611112.720233,267343.703349
270102,612859.571384,266246.534577
270103,611658.793988,264956.434463
270104,609840.906489,266614.244704
270105,609899.715327,268602.301424
270106,612044.213662,268169.463025
270107,613398.018605,268707.175660
270108,611677.859547,269925.473589
320301,742730.681859,252836.151900
320302,746768.239719,253798.801381
320303,748487.549722,255571.996575
558601,538183.596817,152437.417600
558602,537040.575145,153925.149796
558603,536666.440640,151925.582511
558604,539611.021977,152853.801562
558605,539217.443401,154173.089624
558606,540969.547627,158119.790650
662101,500392.299518,117440.800610
662102,499954.090056,118456.678757
662103,500743.709049,116151.538716
662104,498983.969277,117057.038538
662105,501726.703299,117360.339796
662106,499422.905907,119723.350962
662107,498397.901499,118258.419912
